url,category,Date,Template,View Count,是否被收录
https://www.**************.com/en-za/mpumalanga,za,03-JAN-24,state landing page,80,是
https://www.**************.com/en-za/gauteng,za,02-JAN-24,state landing page,57,是
https://www.**************.com/en-za/eastern-cape,za,02-JAN-24,state landing page,161,是
https://www.**************.com/en-il/northern-district,il,02-JAN-24,state landing page,56,是
https://www.**************.com/en-il/southern-district,il,02-JAN-24,state landing page,79,是
https://www.**************.com/en-il/haifa,il,02-JAN-24,state landing page,56,是
https://www.**************.com/en-in/chandigarh,in,01-JAN-24,state landing page,331,是
https://www.**************.com/en-in/lakshadweep,in,01-JAN-24,state landing page,46,是
https://www.**************.com/en-in/andaman-and-nicobar,in,01-JAN-24,state landing page,63,是
https://www.**************.com/en-in/mizoram,in,01-JAN-24,state landing page,64,是
https://www.**************.com/en-in/arunachal-pradesh,in,01-JAN-24,state landing page,62,是
https://www.**************.com/en-in/nagaland,in,24-DEC-23,state landing page,125,是
https://www.**************.com/en-in/manipur,in,22-DEC-23,state landing page,84,是
https://www.**************.com/in/tripura,in,22-DEC-23,state landing page,50,是
https://www.**************.com/in/himachal-pradesh,in,22-DEC-23,state landing page,57,是
https://www.**************.com/in/uttarakhand,in,21-DEC-23,state landing page,165,是
https://www.**************.com/in/jammu-and-kashmir,in,21-DEC-23,state landing page,84,是
https://www.**************.com/en-in/chhattisgarh,in,21-DEC-23,state landing page,85,是
https://www.**************.com/en-in/assam,in,21-DEC-23,state landing page,191,是
https://www.**************.com/en-in/jharkhand,in,21-DEC-23,state landing page,89,是
https://www.**************.com/ma/benslimane,ma,01-FEB-24,state landing page,12,是
https://www.**************.com/ma/beni-mellal,ma,01-FEB-24,state landing page,15,是
https://www.**************.com/ma/azilal-province,ma,01-FEB-24,state landing page,11,是
https://www.**************.com/en-tr/denizli,tr,01-FEB-24,state landing page,9,是
https://www.**************.com/ma/al-hoceima,ma,01-FEB-24,state landing page,16,是
https://www.**************.com/ma/al-haouz,ma,01-FEB-24,state landing page,24,是
https://www.**************.com/en-tr/canakkale,tr,01-FEB-24,state landing page,6,是
https://www.**************.com/ma/agadir-ida-ou-tnan,ma,01-FEB-24,state landing page,13,是
https://www.**************.com/id/west-sulawesi,id,01-FEB-24,state landing page,15,是
https://www.**************.com/en-tr/bursa,tr,01-FEB-24,state landing page,16,是
https://www.**************.com/id/west-papua,id,01-FEB-24,state landing page,21,是
https://www.**************.com/id/west-kalimantan,id,01-FEB-24,state landing page,28,是
https://www.**************.com/id/southeast-sulawesi,id,01-FEB-24,state landing page,18,是
https://www.**************.com/en-tr/burdur,tr,01-FEB-24,state landing page,20,是
https://www.**************.com/id/south-sulawesi,id,01-FEB-24,state landing page,39,是
https://www.**************.com/id/south-kalimantan,id,01-FEB-24,state landing page,28,是
https://www.**************.com/id/riau-islands,id,01-FEB-24,state landing page,19,是
https://www.**************.com/id/north-maluku,id,01-FEB-24,state landing page,18,是
https://www.**************.com/en-tr/bolu,tr,01-FEB-24,state landing page,6,是
https://www.**************.com/id/north-kalimantan,id,01-FEB-24,state landing page,34,是
https://www.**************.com/id/maluku,id,01-FEB-24,state landing page,13,是
https://www.**************.com/en-tr/bitlis,tr,01-FEB-24,state landing page,11,是
https://www.**************.com/en-tr/bing?l,tr,01-FEB-24,state landing page,5,是
https://www.**************.com/id/lampung,id,01-FEB-24,state landing page,19,是
https://www.**************.com/id/jambi,id,01-FEB-24,state landing page,23,是
https://www.**************.com/en-tr/bilecik,tr,01-FEB-24,state landing page,8,是
https://www.**************.com/id/gorontalo,id,01-FEB-24,state landing page,28,是
https://www.**************.com/id/east-nusa-tenggara,id,01-FEB-24,state landing page,18,是
https://www.**************.com/id/central-sulawesi,id,01-FEB-24,state landing page,27,是
https://www.**************.com/id/bengkulu,id,01-FEB-24,state landing page,18,是
https://www.**************.com/en-tr/bayburt,tr,01-FEB-24,state landing page,6,是
https://www.**************.com/id/bangkaCbelitung-islands,id,01-FEB-24,state landing page,0,否
https://www.**************.com/gr/pieria,gr,01-FEB-24,state landing page,13,是
https://www.**************.com/gr/phthiotis,gr,01-FEB-24,state landing page,20,是
https://www.**************.com/gr/phocis,gr,01-FEB-24,state landing page,13,是
https://www.**************.com/gr/peloponnese,gr,01-FEB-24,state landing page,15,是
https://www.**************.com/gr/pella,gr,01-FEB-24,state landing page,5,是
https://www.**************.com/gr/north-aegean,gr,01-FEB-24,state landing page,14,是
https://www.**************.com/gr/nomos-zakynthou,gr,01-FEB-24,state landing page,7,是
https://www.**************.com/gr/nomos-voiotias,gr,01-FEB-24,state landing page,9,是
https://www.**************.com/gr/nomos-rodopis,gr,01-FEB-24,state landing page,24,是
https://www.**************.com/gr/nomos-prevezis,gr,01-FEB-24,state landing page,8,是
https://www.**************.com/gr/nomos-larisis,gr,01-FEB-24,state landing page,16,是
https://www.**************.com/gr/nomos-kykladon,gr,01-FEB-24,state landing page,10,是
https://www.**************.com/gr/nomos-kilkis,gr,01-FEB-24,state landing page,0,是
https://www.**************.com/gr/nomos-kilkis,gr,01-FEB-24,state landing page,20,是
https://www.**************.com/en-tr/batman,tr,01-FEB-24,state landing page,10,是
https://www.**************.com/gr/nomos-kerkyras,gr,01-FEB-24,state landing page,13,否
https://www.**************.com/en-tr/bart?n,tr,01-FEB-24,state landing page,5,是
https://www.**************.com/gr/nomos-kefallinias,gr,01-FEB-24,state landing page,12,是
https://www.**************.com/gr/nomos-kardhitsas,gr,01-FEB-24,state landing page,6,是
https://www.**************.com/gr/nomos-irakleiou,gr,01-FEB-24,state landing page,28,是
https://www.**************.com/gr/nomos-evrytanias,gr,01-FEB-24,state landing page,6,是
https://www.**************.com/gr/nomos-dramas,gr,01-FEB-24,state landing page,8,是
https://www.**************.com/gr/nomos-artas,gr,01-FEB-24,state landing page,10,是
https://www.**************.com/gr/nomos-argolidos,gr,01-FEB-24,state landing page,7,是
https://www.**************.com/gr/mount-athos,gr,01-FEB-24,state landing page,8,是
https://www.**************.com/gr/messenia,gr,01-FEB-24,state landing page,12,是
https://www.**************.com/gr/magnesia,gr,01-FEB-24,state landing page,13,是
https://www.**************.com/gr/lesbos,gr,01-FEB-24,state landing page,7,是
https://www.**************.com/gr/lefkada,gr,01-FEB-24,state landing page,5,是
https://www.**************.com/gr/lasithi,gr,01-FEB-24,state landing page,14,是
https://www.**************.com/gr/laconia,gr,01-FEB-24,state landing page,6,是
https://www.**************.com/gr/kozani,gr,01-FEB-24,state landing page,12,是
https://www.**************.com/gr/kavala,gr,01-FEB-24,state landing page,26,是
https://www.**************.com/gr/kastoria,gr,01-FEB-24,state landing page,10,是
https://www.**************.com/gr/ionian-islands,gr,01-FEB-24,state landing page,16,是
https://www.**************.com/gr/ioannina,gr,01-FEB-24,state landing page,21,是
https://www.**************.com/gr/imathia,gr,01-FEB-24,state landing page,5,是
https://www.**************.com/gr/ilia-prefecture,gr,01-FEB-24,state landing page,24,是
https://www.**************.com/gr/grevena,gr,01-FEB-24,state landing page,8,是
https://www.**************.com/gr/florina,gr,01-FEB-24,state landing page,10,是
https://www.**************.com/gr/evros,gr,01-FEB-24,state landing page,13,是
https://www.**************.com/en-tr/a?r?,tr,01-FEB-24,state landing page,10,是
https://www.**************.com/gr/euboea,gr,01-FEB-24,state landing page,10,是
https://www.**************.com/en-tr/ayd?n,tr,31-JAN-24,state landing page,7,是
https://www.**************.com/gr/epirus,gr,31-JAN-24,state landing page,14,是
https://www.**************.com/gr/east-macedonia-and-thrace,gr,31-JAN-24,state landing page,7,是
https://www.**************.com/gr/dodecanese,gr,31-JAN-24,state landing page,9,是
https://www.**************.com/gr/chios,gr,31-JAN-24,state landing page,12,是
https://www.**************.com/gr/chania,gr,31-JAN-24,state landing page,22,是
https://www.**************.com/gr/chalkidikí,gr,31-JAN-24,state landing page,7,是
https://www.**************.com/in/daman-and-diu,in,31-JAN-24,state landing page,14,是
https://www.**************.com/vn/??k-l?k,vn,31-JAN-24,state landing page,56,是
https://www.**************.com/vn/t?y-ninh-province,vn,31-JAN-24,state landing page,11,否
https://www.**************.com/vn/tinh-yen-bai,vn,31-JAN-24,state landing page,20,是
https://www.**************.com/vn/tinh-vinh-phuc,vn,31-JAN-24,state landing page,26,是
https://www.**************.com/vn/tinh-vinh-long,vn,31-JAN-24,state landing page,25,是
https://www.**************.com/vn/tinh-tuyen-quang,vn,31-JAN-24,state landing page,20,是
https://www.**************.com/vn/tinh-tra-vinh,vn,31-JAN-24,state landing page,41,是
https://www.**************.com/vn/tinh-tien-giang,vn,31-JAN-24,state landing page,48,是
https://www.**************.com/vn/tinh-thua-thien-hue,vn,31-JAN-24,state landing page,96,是
https://www.**************.com/vn/tinh-thanh-hoa,vn,31-JAN-24,state landing page,31,是
https://www.**************.com/vn/tinh-thai-nguyen,vn,31-JAN-24,state landing page,29,是
https://www.**************.com/vn/tinh-thai-binh,vn,31-JAN-24,state landing page,25,是
https://www.**************.com/vn/tinh-son-la,vn,31-JAN-24,state landing page,14,是
https://www.**************.com/vn/tinh-soc-trang,vn,31-JAN-24,state landing page,59,是
https://www.**************.com/vn/tinh-quang-tri,vn,31-JAN-24,state landing page,15,是
https://www.**************.com/vn/tinh-quang-ninh,vn,31-JAN-24,state landing page,47,是
https://www.**************.com/en-tr/artvin,tr,31-JAN-24,state landing page,12,是
https://www.**************.com/vn/tinh-quang-nam,vn,31-JAN-24,state landing page,18,是
https://www.**************.com/en-tr/ardahan,tr,31-JAN-24,state landing page,9,是
https://www.**************.com/en-tr/antalya,tr,31-JAN-24,state landing page,4,是
https://www.**************.com/en-tr/amasya,tr,31-JAN-24,state landing page,6,是
https://www.**************.com/en-tr/aksaray,tr,31-JAN-24,state landing page,9,是
https://www.**************.com/vn/tinh-quang-binh,vn,31-JAN-24,state landing page,24,是
https://www.**************.com/vn/tinh-phu-yen,vn,31-JAN-24,state landing page,23,是
https://www.**************.com/en-tr/afyonkarahisar,tr,31-JAN-24,state landing page,10,是
https://www.**************.com/vn/tinh-phu-tho,vn,31-JAN-24,state landing page,17,是
https://www.**************.com/vn/tinh-ninh-thuan,vn,31-JAN-24,state landing page,34,是
https://www.**************.com/en-tr/adiyaman,tr,31-JAN-24,state landing page,12,是
https://www.**************.com/vn/tinh-ninh-binh,vn,31-JAN-24,state landing page,32,是
https://www.**************.com/vn/tinh-nghe-an,vn,31-JAN-24,state landing page,38,是
https://www.**************.com/vn/tinh-lao-cai,vn,31-JAN-24,state landing page,22,是
https://www.**************.com/en-tr/adana,tr,31-JAN-24,state landing page,11,是
https://www.**************.com/vn/tinh-lang-son,vn,31-JAN-24,state landing page,31,是
https://www.**************.com/vn/tinh-lam-gjong,vn,31-JAN-24,state landing page,15,是
https://www.**************.com/en-sm/serravalle,sm,31-JAN-24,state landing page,12,是
https://www.**************.com/en-sm/chiesanuova,sm,31-JAN-24,state landing page,7,是
https://www.**************.com/vn/tinh-lai-chau,vn,31-JAN-24,state landing page,24,是
https://www.**************.com/en-sm/castello-di-san-marino-citta,sm,31-JAN-24,state landing page,9,是
https://www.**************.com/vn/tinh-kien-giang,vn,31-JAN-24,state landing page,68,是
https://www.**************.com/vn/tinh-khanh-hoa,vn,31-JAN-24,state landing page,119,是
https://www.**************.com/vn/tinh-hung-yen,vn,31-JAN-24,state landing page,33,是
https://www.**************.com/en-sm/castello-di-montegiardino,sm,31-JAN-24,state landing page,8,是
https://www.**************.com/vn/tinh-hoa-binh,vn,31-JAN-24,state landing page,8,是
https://www.**************.com/vn/tinh-hai-duong,vn,31-JAN-24,state landing page,40,是
https://www.**************.com/vn/tinh-ha-tinh,vn,31-JAN-24,state landing page,29,是
https://www.**************.com/vn/tinh-ha-nam,vn,31-JAN-24,state landing page,21,是
https://www.**************.com/en-sm/castello-di-fiorentino,sm,31-JAN-24,state landing page,6,是
https://www.**************.com/vn/tinh-ha-giang,vn,31-JAN-24,state landing page,20,是
https://www.**************.com/vn/tinh-dien-bien,vn,31-JAN-24,state landing page,27,是
https://www.**************.com/vn/tinh-cao-bang,vn,31-JAN-24,state landing page,16,是
https://www.**************.com/vn/tinh-binh-phuoc,vn,31-JAN-24,state landing page,31,是
https://www.**************.com/en-sm/castello-di-faetano,sm,31-JAN-24,state landing page,7,是
https://www.**************.com/vn/tinh-binh-gjinh,vn,31-JAN-24,state landing page,26,是
https://www.**************.com/vn/tinh-bac-kan,vn,31-JAN-24,state landing page,10,是
https://www.**************.com/en-sm/castello-di-domagnano,sm,31-JAN-24,state landing page,11,是
https://www.**************.com/en-sm/castello-di-borgo-maggiore,sm,31-JAN-24,state landing page,12,是
https://www.**************.com/vn/tinh-bac-giang,vn,31-JAN-24,state landing page,39,是
https://www.**************.com/en-sm/castello-di-acquaviva,sm,31-JAN-24,state landing page,8,是
https://www.**************.com/vn/dak-nong,vn,31-JAN-24,state landing page,23,是
https://www.**************.com/tw/yunlin,tw,31-JAN-24,state landing page,16,是
https://www.**************.com/tw/taitung,tw,31-JAN-24,state landing page,34,是
https://www.**************.com/en-qa/baladiyat-az-za-ayin,qa,31-JAN-24,state landing page,6,是
https://www.**************.com/tw/penghu-county,tw,31-JAN-24,state landing page,14,是
https://www.**************.com/tw/kinmen-county,tw,31-JAN-24,state landing page,22,是
https://www.**************.com/tw/hsinchu-county,tw,31-JAN-24,state landing page,16,是
https://www.**************.com/en-qa/baladiyat-ash-shamal,qa,31-JAN-24,state landing page,5,是
https://www.**************.com/tw/chiayi-county,tw,31-JAN-24,state landing page,23,是
https://www.**************.com/qa/baladiyat-az-za-ayin,qa,31-JAN-24,state landing page,11,是
https://www.**************.com/en-qa/baladiyat-ar-rayyan,qa,31-JAN-24,state landing page,7,是
https://www.**************.com/qa/baladiyat-ash-shamal,qa,31-JAN-24,state landing page,19,是
https://www.**************.com/qa/baladiyat-ar-rayyan,qa,31-JAN-24,state landing page,11,是
https://www.**************.com/qa/baladiyat-al-khawr-wa-adh-dhakhirah,qa,31-JAN-24,state landing page,15,是
https://www.**************.com/en-qa/baladiyat-al-khawr-wa-adh-dhakhirah,qa,31-JAN-24,state landing page,13,是
https://www.**************.com/qa/baladiyat-umm-salal,qa,31-JAN-24,state landing page,30,是
https://www.**************.com/qa/al-shahaniya,qa,31-JAN-24,state landing page,15,是
https://www.**************.com/en-qa/baladiyat-umm-salal,qa,31-JAN-24,state landing page,5,是
https://www.**************.com/qa/al-wakrah,qa,31-JAN-24,state landing page,15,是
https://www.**************.com/en-qa/al-shahaniya,qa,31-JAN-24,state landing page,6,是
https://www.**************.com/pt/portalegre,pt,31-JAN-24,state landing page,20,是
https://www.**************.com/pt/guarda,pt,31-JAN-24,state landing page,19,是
https://www.**************.com/en-qa/al-wakrah,qa,31-JAN-24,state landing page,10,是
https://www.**************.com/ph/southern-leyte,ph,31-JAN-24,state landing page,27,是
https://www.**************.com/en-pt/viseu,pt,31-JAN-24,state landing page,15,是
https://www.**************.com/ph/province-of-zamboanga-del-norte,ph,31-JAN-24,state landing page,18,是
https://www.**************.com/en-pt/vila-real,pt,31-JAN-24,state landing page,9,是
https://www.**************.com/ph/province-of-zamboanga-sibugay,ph,31-JAN-24,state landing page,14,是
https://www.**************.com/ph/province-of-zambales,ph,31-JAN-24,state landing page,36,是
https://www.**************.com/en-pt/setúbal,pt,31-JAN-24,state landing page,11,是
https://www.**************.com/ph/province-of-tarlac,ph,31-JAN-24,state landing page,11,是
https://www.**************.com/en-pt/santarém,pt,31-JAN-24,state landing page,17,是
https://www.**************.com/en-pt/portalegre,pt,31-JAN-24,state landing page,10,是
https://www.**************.com/en-pt/madeira,pt,31-JAN-24,state landing page,26,是
https://www.**************.com/ph/province-of-surigao-del-sur,ph,31-JAN-24,state landing page,16,是
https://www.**************.com/ph/province-of-surigao-del-norte,ph,31-JAN-24,state landing page,15,是
https://www.**************.com/ph/province-of-sultan-kudarat,ph,31-JAN-24,state landing page,14,是
https://www.**************.com/ph/province-of-south-cotabato,ph,31-JAN-24,state landing page,31,是
https://www.**************.com/ph/province-of-sorsogon,ph,31-JAN-24,state landing page,9,是
https://www.**************.com/ph/province-of-siquijor,ph,31-JAN-24,state landing page,16,是
https://www.**************.com/ph/province-of-sarangani,ph,31-JAN-24,state landing page,18,是
https://www.**************.com/ph/province-of-samar,ph,31-JAN-24,state landing page,14,是
https://www.**************.com/ph/province-of-romblon,ph,31-JAN-24,state landing page,20,是
https://www.**************.com/ph/province-of-rizal,ph,31-JAN-24,state landing page,12,是
https://www.**************.com/ph/province-of-quirino,ph,31-JAN-24,state landing page,14,是
https://www.**************.com/ph/province-of-pangasinan,ph,31-JAN-24,state landing page,13,是
https://www.**************.com/ph/province-of-pampanga,ph,31-JAN-24,state landing page,29,是
https://www.**************.com/ph/province-of-palawan,ph,31-JAN-24,state landing page,18,是
https://www.**************.com/en-pt/leiria,pt,31-JAN-24,state landing page,14,是
https://www.**************.com/ph/province-of-nueva-vizcaya,ph,31-JAN-24,state landing page,12,是
https://www.**************.com/en-pt/guarda,pt,31-JAN-24,state landing page,17,否
https://www.**************.com/en-pt/faro,pt,31-JAN-24,state landing page,18,是
https://www.**************.com/ph/province-of-nueva-ecija,ph,31-JAN-24,state landing page,18,否
https://www.**************.com/ph/province-of-negros-oriental,ph,31-JAN-24,state landing page,14,是
https://www.**************.com/en-pt/coimbra,pt,31-JAN-24,state landing page,21,是
https://www.**************.com/ph/province-of-negros-occidental,ph,31-JAN-24,state landing page,14,是
https://www.**************.com/en-pt/braga,pt,31-JAN-24,state landing page,13,是
https://www.**************.com/ph/province-of-misamis-oriental,ph,30-JAN-24,state landing page,13,是
https://www.**************.com/ph/province-of-misamis-occidental,ph,30-JAN-24,state landing page,11,是
https://www.**************.com/en-in/meghalaya,in,21-DEC-23,state landing page,66,是
https://www.**************.com/uk/northern-ireland/bangor-sugar-babies,uk,20-DEC-23,city landing page,46,是
https://www.**************.com/my/putrajaya,my,18-DEC-23,state landing page,88,是
https://www.**************.com/my/perlis,my,18-DEC-23,state landing page,91,是
https://www.**************.com/my/labuan,my,18-DEC-23,state landing page,77,是
https://www.**************.com/my/perak,my,18-DEC-23,state landing page,96,是
https://www.**************.com/ph/mimaropa,ph,18-DEC-23,state landing page,60,是
https://www.**************.com/ph/cagayan-valley,ph,18-DEC-23,state landing page,64,是
https://www.**************.com/ph/zamboanga-peninsula,ph,18-DEC-23,state landing page,22,是
https://www.**************.com/ph/eastern-visayas,ph,18-DEC-23,state landing page,32,是
https://www.**************.com/ph/soccsksargen,ph,18-DEC-23,state landing page,56,是
https://www.**************.com/ph/bicol,ph,18-DEC-23,state landing page,53,是
https://www.**************.com/ph/ilocos,ph,18-DEC-23,state landing page,93,是
https://www.**************.com/ph/western-visayas,ph,18-DEC-23,state landing page,58,是
https://www.**************.com/ph/northern-mindanao,ph,18-DEC-23,state landing page,41,是
https://www.**************.com/ph/davao,ph,18-DEC-23,state landing page,17,是
https://www.**************.com/ph/central-visayas,ph,18-DEC-23,state landing page,74,是
https://www.**************.com/ph/central-luzon,ph,17-DEC-23,state landing page,76,是
https://www.**************.com/ph/calabarzon,ph,17-DEC-23,state landing page,84,是
https://www.**************.com/il/southern-district,il,17-DEC-23,state landing page,79,是
https://www.**************.com/en-pt/beja,pt,30-JAN-24,state landing page,6,是
https://www.**************.com/ph/province-of-mindoro-occidental,ph,30-JAN-24,state landing page,19,是
https://www.**************.com/en-pt/aveiro,pt,30-JAN-24,state landing page,11,是
https://www.**************.com/ph/province-of-masbate,ph,30-JAN-24,state landing page,12,是
https://www.**************.com/en-pl/?wi?tokrzyskie,pl,30-JAN-24,state landing page,21,是
https://www.**************.com/en-pl/?ód?-voivodeship,pl,30-JAN-24,state landing page,8,是
https://www.**************.com/ph/province-of-marinduque,ph,30-JAN-24,state landing page,22,是
https://www.**************.com/en-pl/west-pomerania,pl,30-JAN-24,state landing page,1,是
https://www.**************.com/en-pl/warmia-masuria,pl,30-JAN-24,state landing page,12,是
https://www.**************.com/ph/province-of-maguindanao,ph,30-JAN-24,state landing page,15,是
https://www.**************.com/ph/province-of-leyte,ph,30-JAN-24,state landing page,23,是
https://www.**************.com/en-pl/subcarpathian,pl,30-JAN-24,state landing page,6,否
https://www.**************.com/en-pl/silesia,pl,30-JAN-24,state landing page,7,是
https://www.**************.com/en-pl/pomerania,pl,30-JAN-24,state landing page,2,是
https://www.**************.com/ph/province-of-lanao-del-sur,ph,30-JAN-24,state landing page,19,是
https://www.**************.com/ph/province-of-lanao-del-norte,ph,30-JAN-24,state landing page,8,是
https://www.**************.com/ph/province-of-laguna,ph,30-JAN-24,state landing page,22,是
https://www.**************.com/ph/province-of-la-union,ph,30-JAN-24,state landing page,23,是
https://www.**************.com/ph/province-of-isabela,ph,30-JAN-24,state landing page,20,是
https://www.**************.com/en-pl/podlasie,pl,30-JAN-24,state landing page,9,是
https://www.**************.com/en-pl/opole-voivodeship,pl,30-JAN-24,state landing page,10,否
https://www.**************.com/ph/province-of-iloilo,ph,30-JAN-24,state landing page,13,是
https://www.**************.com/ph/province-of-ilocos-sur,ph,30-JAN-24,state landing page,15,是
https://www.**************.com/en-pl/mazovia,pl,30-JAN-24,state landing page,4,是
https://www.**************.com/en-pl/lubusz,pl,30-JAN-24,state landing page,7,是
https://www.**************.com/ph/province-of-ilocos-norte,ph,30-JAN-24,state landing page,30,是
https://www.**************.com/en-pl/lublin,pl,30-JAN-24,state landing page,13,是
https://www.**************.com/ph/province-of-guimaras,ph,30-JAN-24,state landing page,10,是
https://www.**************.com/en-pl/lower-silesia,pl,30-JAN-24,state landing page,6,是
https://www.**************.com/ph/province-of-davao-del-sur,ph,30-JAN-24,state landing page,11,是
https://www.**************.com/en-pl/lesser-poland,pl,30-JAN-24,state landing page,10,是
https://www.**************.com/ph/province-of-davao-del-norte,ph,30-JAN-24,state landing page,26,是
https://www.**************.com/ph/province-of-davao-oriental,ph,30-JAN-24,state landing page,10,是
https://www.**************.com/en-pl/kujawsko-pomorskie,pl,30-JAN-24,state landing page,9,是
https://www.**************.com/ph/province-of-cotabato,ph,30-JAN-24,state landing page,12,是
https://www.**************.com/en-pl/greater-poland,pl,30-JAN-24,state landing page,1,是
https://www.**************.com/en-ph/zamboanga-peninsula,ph,30-JAN-24,state landing page,14,是
https://www.**************.com/en-ph/western-visayas,ph,30-JAN-24,state landing page,23,是
https://www.**************.com/ph/province-of-cebu,ph,30-JAN-24,state landing page,23,是
https://www.**************.com/ph/province-of-cavite,ph,30-JAN-24,state landing page,17,是
https://www.**************.com/en-ph/southern-leyte,ph,30-JAN-24,state landing page,20,是
https://www.**************.com/en-ph/soccsksargen,ph,30-JAN-24,state landing page,10,是
https://www.**************.com/ph/province-of-catanduanes,ph,30-JAN-24,state landing page,12,是
https://www.**************.com/ph/province-of-capiz,ph,30-JAN-24,state landing page,12,是
https://www.**************.com/en-ph/quezon,ph,30-JAN-24,state landing page,10,是
https://www.**************.com/ph/province-of-camiguin,ph,30-JAN-24,state landing page,16,是
https://www.**************.com/ph/province-of-camarines-sur,ph,30-JAN-24,state landing page,13,是
https://www.**************.com/en-ph/province-of-zamboanga-del-norte,ph,30-JAN-24,state landing page,7,是
https://www.**************.com/ph/province-of-camarines-norte,ph,30-JAN-24,state landing page,10,是
https://www.**************.com/en-ph/province-of-zamboanga-sibugay,ph,30-JAN-24,state landing page,13,是
https://www.**************.com/ph/province-of-cagayan,ph,30-JAN-24,state landing page,15,是
https://www.**************.com/ph/province-of-bulacan,ph,30-JAN-24,state landing page,16,是
https://www.**************.com/en-ph/province-of-zambales,ph,30-JAN-24,state landing page,8,是
https://www.**************.com/ph/province-of-bukidnon,ph,30-JAN-24,state landing page,14,是
https://www.**************.com/ph/province-of-benguet,ph,30-JAN-24,state landing page,14,是
